{
  "licenseType": "Unknown",
  "dc:description": "Goldblatt et al. 20K dataset for image classification of built up areas in India",
  "exportable": true,
  "dc:title": "Goldblatt et al. 20K dataset for image classification of built up areas in India",
  "dc:modified": "2016-04-28T19:04:35Z",
  "dc:identifier": "1fWY4IyYiV-BA5HsAKi2V9LdoQgsbFtKK2BoQiHb0",
  "tableSchema": {"columns": [
    {
      "datatype": "double",
      "name": "col0",
      "validateData": false,
      "title": "name"
    },
    {
      "datatype": "location",
      "name": "col1",
      "validateData": false,
      "title": "geometry"
    },
    {
      "datatype": "double",
      "name": "col2",
      "validateData": false,
      "title": "ORIG_FID"
    },
    {
      "datatype": "double",
      "name": "col3",
      "validateData": false,
      "title": "class"
    },
    {
      "datatype": "double",
      "name": "col4",
      "validateData": false,
      "title": "AgroClimaticZone"
    }
  ]}
}