{
  "licenseType": "Unknown",
  "dc:description": "Imported at Tue Sep 26 00:57:05 PDT 2017 from World_Country_Borders_KML.kml.",
  "exportable": true,
  "dc:title": "World_Country_Borders_KML",
  "dc:modified": "2017-09-26T08:09:43Z",
  "dc:identifier": "1UDdgOCf8DoRJ9bVm-UVbR6CqxtkJToLQjTFd0r0Z",
  "tableSchema": {"columns": [
    {
      "datatype": "string",
      "name": "col0",
      "validateData": false,
      "title": "description"
    },
    {
      "datatype": "string",
      "name": "col1",
      "validateData": false,
      "title": "name"
    },
    {
      "datatype": "string",
      "name": "col2",
      "validateData": false,
      "title": "Name"
    },
    {
      "datatype": "location",
      "name": "col3",
      "validateData": false,
      "title": "geometry"
    }
  ]}
}